{
  "_comment": "Created with OWL2VOWL (version 0.3.7), http://vowl.visualdataweb.org [Additional Information added by WebVOWL Exporter Version: 1.1.7]",
  "header": {
    "languages": [
      "undefined"
    ],
    "baseIris": [
      "http://webprotege.stanford.edu",
      "http://www.w3.org/2002/07/owl",
      "http://www.w3.org/2000/01/rdf-schema",
      "http://www.w3.org/2001/XMLSchema"
    ],
    "prefixList": {
      "owl": "http://www.w3.org/2002/07/owl#",
      "rdf": "http://www.w3.org/1999/02/22-rdf-syntax-ns#",
      "webprotege": "http://webprotege.stanford.edu/",
      "xsd": "http://www.w3.org/2001/XMLSchema#",
      "": "urn:webprotege:ontology:ce08fa20-f722-4053-8ac0-fd888c3dbc58#",
      "xml": "http://www.w3.org/XML/1998/namespace",
      "rdfs": "http://www.w3.org/2000/01/rdf-schema#"
    },
    "iri": "urn:webprotege:ontology:ce08fa20-f722-4053-8ac0-fd888c3dbc58"
  },
  "namespace": [],
  "settings": {
    "global": {
      "zoom": "0.60",
      "translation": [
        116.01,
        184.33
      ],
      "paused": false
    },
    "gravity": {
      "classDistance": 200,
      "datatypeDistance": 120
    },
    "filter": {
      "checkBox": [
        {
          "id": "datatypeFilterCheckbox",
          "checked": false
        },
        {
          "id": "objectPropertyFilterCheckbox",
          "checked": false
        },
        {
          "id": "subclassFilterCheckbox",
          "checked": false
        },
        {
          "id": "disjointFilterCheckbox",
          "checked": true
        },
        {
          "id": "setoperatorFilterCheckbox",
          "checked": false
        }
      ],
      "degreeSliderValue": "0"
    },
    "modes": {
      "checkBox": [
        {
          "id": "pickandpinModuleCheckbox",
          "checked": false
        },
        {
          "id": "nodescalingModuleCheckbox",
          "checked": true
        },
        {
          "id": "compactnotationModuleCheckbox",
          "checked": false
        },
        {
          "id": "colorexternalsModuleCheckbox",
          "checked": true
        }
      ],
      "colorSwitchState": false
    }
  },
  "class": [
    {
      "id": "8",
      "type": "owl:Class"
    },
    {
      "id": "18",
      "type": "owl:Class"
    },
    {
      "id": "19",
      "type": "owl:Class"
    },
    {
      "id": "7",
      "type": "owl:Class"
    },
    {
      "id": "22",
      "type": "owl:Class"
    },
    {
      "id": "25",
      "type": "owl:Class"
    },
    {
      "id": "40",
      "type": "owl:Class"
    },
    {
      "id": "44",
      "type": "rdfs:Datatype"
    },
    {
      "id": "36",
      "type": "owl:Class"
    },
    {
      "id": "13",
      "type": "rdfs:Datatype"
    },
    {
      "id": "30",
      "type": "rdfs:Datatype"
    },
    {
      "id": "1",
      "type": "owl:Class"
    },
    {
      "id": "17",
      "type": "rdfs:Datatype"
    },
    {
      "id": "45",
      "type": "rdfs:Datatype"
    },
    {
      "id": "14",
      "type": "owl:Thing"
    },
    {
      "id": "46",
      "type": "rdfs:Literal"
    },
    {
      "id": "5",
      "type": "owl:Class"
    },
    {
      "id": "9",
      "type": "owl:Class"
    },
    {
      "id": "21",
      "type": "rdfs:Datatype"
    },
    {
      "id": "11",
      "type": "rdfs:Datatype"
    },
    {
      "id": "27",
      "type": "owl:Class"
    },
    {
      "id": "38",
      "type": "owl:Class"
    },
    {
      "id": "42",
      "type": "owl:Class"
    },
    {
      "id": "32",
      "type": "owl:Class"
    },
    {
      "id": "2",
      "type": "owl:Class"
    }
  ],
  "classAttribute": [
    {
      "id": "8",
      "iri": "http://webprotege.stanford.edu/R7xZxxvdktAGbXwAXkJr9HK",
      "baseIri": "http://webprotege.stanford.edu",
      "label": {
        "IRI-based": "R7xZxxvdktAGbXwAXkJr9HK",
        "undefined": "Sexto semestre"
      },
      "attributes": [
        "external"
      ],
      "individuals": [
        {
          "iri": "http://webprotege.stanford.edu/RBEOzrSCwCfa14vybCkpojW",
          "labels": {
            "IRI-based": "RBEOzrSCwCfa14vybCkpojW",
            "undefined": "Optativa A"
          }
        },
        {
          "iri": "http://webprotege.stanford.edu/Rdq1TVh8352fqfFioQQNgj",
          "labels": {
            "IRI-based": "Rdq1TVh8352fqfFioQQNgj",
            "undefined": "Cómputo paralelo"
          }
        },
        {
          "iri": "http://webprotege.stanford.edu/RCjJ56l21rNaA8zRnnQZ3gC",
          "labels": {
            "IRI-based": "RCjJ56l21rNaA8zRnnQZ3gC",
            "undefined": "Optativa B"
          }
        },
        {
          "iri": "http://webprotege.stanford.edu/R8DfUyDQI8OrwH9FT46NUbF",
          "labels": {
            "IRI-based": "R8DfUyDQI8OrwH9FT46NUbF",
            "undefined": "Metodologías de la investigación y divulgación científica"
          }
        },
        {
          "iri": "http://webprotege.stanford.edu/REw6ekjoEiNECHUfPPmUgp",
          "labels": {
            "IRI-based": "REw6ekjoEiNECHUfPPmUgp",
            "undefined": "Ingeniería de software para sistemas inteligentes"
          }
        },
        {
          "iri": "http://webprotege.stanford.edu/R9M1HtynJSuFQcnlunppsri",
          "labels": {
            "IRI-based": "R9M1HtynJSuFQcnlunppsri",
            "undefined": "Redes neuronales y aprendizaje profundo"
          }
        }
      ],
      "pos": [
        139.14,
        -260.1
      ]
    },
    {
      "id": "18",
      "iri": "http://webprotege.stanford.edu/RDnbf6QVKmudZwX2uYkLEf6",
      "baseIri": "http://webprotege.stanford.edu",
      "label": {
        "IRI-based": "RDnbf6QVKmudZwX2uYkLEf6",
        "undefined": "Quinto Semestre"
      },
      "attributes": [
        "external"
      ],
      "individuals": [
        {
          "iri": "http://webprotege.stanford.edu/Rri2VVeDKxZtZUIjiDuey8",
          "labels": {
            "IRI-based": "Rri2VVeDKxZtZUIjiDuey8",
            "undefined": "Procesamiento de señales"
          }
        },
        {
          "iri": "http://webprotege.stanford.edu/RFf9qEdnp3qXSvl9wFKm6B",
          "labels": {
            "IRI-based": "RFf9qEdnp3qXSvl9wFKm6B",
            "undefined": "Visión artificial"
          }
        },
        {
          "iri": "http://webprotege.stanford.edu/RDbf6PrtPBaQMlodvyawN92",
          "labels": {
            "IRI-based": "RDbf6PrtPBaQMlodvyawN92",
            "undefined": "Tecnologías de lenguaje natural"
          }
        },
        {
          "iri": "http://webprotege.stanford.edu/R8xFnpuqHlro2M3fn7NJjSD",
          "labels": {
            "IRI-based": "R8xFnpuqHlro2M3fn7NJjSD",
            "undefined": "Teoría computacional"
          }
        },
        {
          "iri": "http://webprotege.stanford.edu/Rvb2Yr7pIZEpTafPk9Wo7E",
          "labels": {
            "IRI-based": "Rvb2Yr7pIZEpTafPk9Wo7E",
            "undefined": "Algoritmos bioinspirados"
          }
        },
        {
          "iri": "http://webprotege.stanford.edu/RDcwj6deB3aHn0dJ0M2vjb9",
          "labels": {
            "IRI-based": "RDcwj6deB3aHn0dJ0M2vjb9",
            "undefined": "Aprendizaje máquina"
          }
        }
      ],
      "pos": [
        -149.94,
        337.87
      ]
    },
    {
      "id": "19",
      "iri": "http://webprotege.stanford.edu/R9w3Ksvbo41BXRCYh8wo2YH",
      "baseIri": "http://webprotege.stanford.edu",
      "label": {
        "IRI-based": "R9w3Ksvbo41BXRCYh8wo2YH",
        "undefined": "Modalidad"
      },
      "attributes": [
        "external"
      ],
      "individuals": [
        {
          "iri": "http://webprotege.stanford.edu/RsjpNNdBQwr8amrjOcr0jS",
          "labels": {
            "IRI-based": "RsjpNNdBQwr8amrjOcr0jS",
            "undefined": "Escolarizada"
          }
        },
        {
          "iri": "http://webprotege.stanford.edu/R99EyYfN2E34n72zRW3F3S0",
          "labels": {
            "IRI-based": "R99EyYfN2E34n72zRW3F3S0",
            "undefined": "En línea"
          }
        },
        {
          "iri": "http://webprotege.stanford.edu/R0jhFGk9Po3PToU3zrWzIz",
          "labels": {
            "IRI-based": "R0jhFGk9Po3PToU3zrWzIz",
            "undefined": "Mixta"
          }
        }
      ],
      "pos": [
        978.57,
        266.15
      ]
    },
    {
      "id": "7",
      "iri": "http://webprotege.stanford.edu/R8JVO3emiFGtNzaHfEbdM49",
      "baseIri": "http://webprotege.stanford.edu",
      "label": {
        "IRI-based": "R8JVO3emiFGtNzaHfEbdM49",
        "undefined": "Evaluación y acreditación"
      },
      "attributes": [
        "external"
      ],
      "individuals": [
        {
          "iri": "http://webprotege.stanford.edu/R7qvcSxwAzbsgFlmXhZmQP6",
          "labels": {
            "IRI-based": "R7qvcSxwAzbsgFlmXhZmQP6",
            "undefined": "Código fuente de programa de cómputo"
          }
        },
        {
          "iri": "http://webprotege.stanford.edu/RBaKBKicZ4KuRhcE8de4qfL",
          "labels": {
            "IRI-based": "RBaKBKicZ4KuRhcE8de4qfL",
            "undefined": "Proyecto final"
          }
        },
        {
          "iri": "http://webprotege.stanford.edu/R7nsLzVf3qs637ZyGPptKIJ",
          "labels": {
            "IRI-based": "R7nsLzVf3qs637ZyGPptKIJ",
            "undefined": "Reportes de prácticas"
          }
        },
        {
          "iri": "http://webprotege.stanford.edu/R77PrFEZFiziEGIA7PxAl6e",
          "labels": {
            "IRI-based": "R77PrFEZFiziEGIA7PxAl6e",
            "undefined": "Conclusiones de discusión"
          }
        },
        {
          "iri": "http://webprotege.stanford.edu/R3tfUw5sFnP8rvRb4ZZoay",
          "labels": {
            "IRI-based": "R3tfUw5sFnP8rvRb4ZZoay",
            "undefined": "Reporte de actividades"
          }
        },
        {
          "iri": "http://webprotege.stanford.edu/RBOWf3bL94WNJ2QnCkuS2jW",
          "labels": {
            "IRI-based": "RBOWf3bL94WNJ2QnCkuS2jW",
            "undefined": "Conclusiones"
          }
        },
        {
          "iri": "http://webprotege.stanford.edu/RBEk4B0SarOAwv5Ig4cv86w",
          "labels": {
            "IRI-based": "RBEk4B0SarOAwv5Ig4cv86w",
            "undefined": "Programas de acuerdo a lo especificado"
          }
        },
        {
          "iri": "http://webprotege.stanford.edu/R7duhV3Ugh9pXfucHH0JlPY",
          "labels": {
            "IRI-based": "R7duhV3Ugh9pXfucHH0JlPY",
            "undefined": "Exposiciones"
          }
        },
        {
          "iri": "http://webprotege.stanford.edu/RtY8Vv4ik7MImK0RLjjdkv",
          "labels": {
            "IRI-based": "RtY8Vv4ik7MImK0RLjjdkv",
            "undefined": "Lista de cotejo"
          }
        },
        {
          "iri": "http://webprotege.stanford.edu/RCFC0iVelblhzAXTL1ONBiU",
          "labels": {
            "IRI-based": "RCFC0iVelblhzAXTL1ONBiU",
            "undefined": "Ensayos"
          }
        },
        {
          "iri": "http://webprotege.stanford.edu/R83hzubmya6ged0GM36CMDO",
          "labels": {
            "IRI-based": "R83hzubmya6ged0GM36CMDO",
            "undefined": "Organizadores gráficos"
          }
        },
        {
          "iri": "http://webprotege.stanford.edu/R9uZfZNdSvNoqX1jxvHmyTO",
          "labels": {
            "IRI-based": "R9uZfZNdSvNoqX1jxvHmyTO",
            "undefined": "Diagnóstica"
          }
        },
        {
          "iri": "http://webprotege.stanford.edu/R8moXRSn9HcD8l2vZGipxZ9",
          "labels": {
            "IRI-based": "R8moXRSn9HcD8l2vZGipxZ9",
            "undefined": "Reporte de uso de software"
          }
        },
        {
          "iri": "http://webprotege.stanford.edu/R8ZiWKPTa0ClSNvCmi3bNWQ",
          "labels": {
            "IRI-based": "R8ZiWKPTa0ClSNvCmi3bNWQ",
            "undefined": "Evaluaciones escritas"
          }
        },
        {
          "iri": "http://webprotege.stanford.edu/RDwv9NV7JuoSYzkEtlzFRyg",
          "labels": {
            "IRI-based": "RDwv9NV7JuoSYzkEtlzFRyg",
            "undefined": "Reportes de indagación"
          }
        },
        {
          "iri": "http://webprotege.stanford.edu/RCte6VjMjuuu2fpoO0XeVgq",
          "labels": {
            "IRI-based": "RCte6VjMjuuu2fpoO0XeVgq",
            "undefined": "Saberes previamente adquiridos"
          }
        },
        {
          "iri": "http://webprotege.stanford.edu/RCnT5edXDq3WDPN42JWFj6y",
          "labels": {
            "IRI-based": "RCnT5edXDq3WDPN42JWFj6y",
            "undefined": "Reporte de investigación"
          }
        },
        {
          "iri": "http://webprotege.stanford.edu/RB8XTWx7oHNR9Wj6uOeZEUs",
          "labels": {
            "IRI-based": "RB8XTWx7oHNR9Wj6uOeZEUs",
            "undefined": "Ejercicios de manera individual y en equipo"
          }
        },
        {
          "iri": "http://webprotege.stanford.edu/R9BQphVtSoB2A9yO4ILyCL2",
          "labels": {
            "IRI-based": "R9BQphVtSoB2A9yO4ILyCL2",
            "undefined": "Discusión dirigida"
          }
        },
        {
          "iri": "http://webprotege.stanford.edu/RBXC55Yg71LII2QCc5UMxq2",
          "labels": {
            "IRI-based": "RBXC55Yg71LII2QCc5UMxq2",
            "undefined": "Ejercicios resueltos con apoyo de un software"
          }
        },
        {
          "iri": "http://webprotege.stanford.edu/R3tJMLzOmTvEzZ0xZV3o8l",
          "labels": {
            "IRI-based": "R3tJMLzOmTvEzZ0xZV3o8l",
            "undefined": "Problemarios"
          }
        },
        {
          "iri": "http://webprotege.stanford.edu/RCBodn3s6UWUuobhTt3wwJ",
          "labels": {
            "IRI-based": "RCBodn3s6UWUuobhTt3wwJ",
            "undefined": "Problemas resueltos"
          }
        }
      ],
      "pos": [
        846.96,
        115.91
      ]
    },
    {
      "id": "22",
      "iri": "http://webprotege.stanford.edu/RBRaiFsyOEEQ86d2NlUt6RQ",
      "baseIri": "http://webprotege.stanford.edu",
      "label": {
        "IRI-based": "RBRaiFsyOEEQ86d2NlUt6RQ",
        "undefined": "Séptimo semestre"
      },
      "attributes": [
        "external"
      ],
      "individuals": [
        {
          "iri": "http://webprotege.stanford.edu/Rl62qEzoj2VhkYma98rtNn",
          "labels": {
            "IRI-based": "Rl62qEzoj2VhkYma98rtNn",
            "undefined": "Formulación y evaluación de proyectos informáticos"
          }
        },
        {
          "iri": "http://webprotege.stanford.edu/RCcHH875Jx2a3WbYdJFhTOd",
          "labels": {
            "IRI-based": "RCcHH875Jx2a3WbYdJFhTOd",
            "undefined": "Trabajo terminal 1"
          }
        },
        {
          "iri": "http://webprotege.stanford.edu/R93GytMa6HbZZGBplDMsesA",
          "labels": {
            "IRI-based": "R93GytMa6HbZZGBplDMsesA",
            "undefined": "Optativa D"
          }
        },
        {
          "iri": "http://webprotege.stanford.edu/RCcwpTsEn7P54hfDcIBBCJl",
          "labels": {
            "IRI-based": "RCcwpTsEn7P54hfDcIBBCJl",
            "undefined": "Reconocimiento de voz"
          }
        },
        {
          "iri": "http://webprotege.stanford.edu/R8OlOtsu55q3fSrEbvTyE8o",
          "labels": {
            "IRI-based": "R8OlOtsu55q3fSrEbvTyE8o",
            "undefined": "Optativa C"
          }
        }
      ],
      "pos": [
        -37.38,
        -165.7
      ]
    },
    {
      "id": "25",
      "iri": "http://webprotege.stanford.edu/RQVMxHiSPAw9uCmEXyp53D",
      "baseIri": "http://webprotege.stanford.edu",
      "label": {
        "IRI-based": "RQVMxHiSPAw9uCmEXyp53D",
        "undefined": "Unidad académica"
      },
      "attributes": [
        "external"
      ],
      "individuals": [
        {
          "iri": "http://webprotege.stanford.edu/R7LQ4glx1cW1St0MVDCBOMv",
          "labels": {
            "IRI-based": "R7LQ4glx1cW1St0MVDCBOMv",
            "undefined": "Escuela Superior De Cómputo"
          }
        },
        {
          "iri": "http://webprotege.stanford.edu/RD3B4QDzMJJZOweJdLEzstD",
          "labels": {
            "IRI-based": "RD3B4QDzMJJZOweJdLEzstD",
            "undefined": "Unidad Profesional Interdisciplinaria En Ingeniería Campus Coahuila"
          }
        },
        {
          "iri": "http://webprotege.stanford.edu/R9LZ2tnX4syDeEBofALnaU3",
          "labels": {
            "IRI-based": "R9LZ2tnX4syDeEBofALnaU3",
            "undefined": "Unidad Profesional Interdisciplinaria En Ingeniería Campus Tlaxcala"
          }
        }
      ],
      "pos": [
        447.24,
        922.12
      ]
    },
    {
      "id": "40",
      "iri": "http://webprotege.stanford.edu/R9E5voDYYNOuA7OzGsdGDdT",
      "baseIri": "http://webprotege.stanford.edu",
      "label": {
        "IRI-based": "R9E5voDYYNOuA7OzGsdGDdT",
        "undefined": "Segundo semestre"
      },
      "attributes": [
        "external"
      ],
      "individuals": [
        {
          "iri": "http://webprotege.stanford.edu/R7OO1xNvHNFP3ZMfTqvjPew",
          "labels": {
            "IRI-based": "R7OO1xNvHNFP3ZMfTqvjPew",
            "undefined": "Fundamentos de diseño digital"
          }
        },
        {
          "iri": "http://webprotege.stanford.edu/RsE4UZMrpVtSVanLNqkkLG",
          "labels": {
            "IRI-based": "RsE4UZMrpVtSVanLNqkkLG",
            "undefined": "Álgebra lineal"
          }
        },
        {
          "iri": "http://webprotege.stanford.edu/RB3MbD8lXuQXeDugySSHN7v",
          "labels": {
            "IRI-based": "RB3MbD8lXuQXeDugySSHN7v",
            "undefined": "Algoritmos y estructuras de datos"
          }
        },
        {
          "iri": "http://webprotege.stanford.edu/RduNy21cToNM7URUtMKXF7",
          "labels": {
            "IRI-based": "RduNy21cToNM7URUtMKXF7",
            "undefined": "Ingeniería, ética y sociedad"
          }
        },
        {
          "iri": "http://webprotege.stanford.edu/R9vrPH7o6FbitLkbMWxch4Y",
          "labels": {
            "IRI-based": "R9vrPH7o6FbitLkbMWxch4Y",
            "undefined": "Finanzas empresariales"
          }
        },
        {
          "iri": "http://webprotege.stanford.edu/R7WuYSV8YPwwbPbwBcmJiw3",
          "labels": {
            "IRI-based": "R7WuYSV8YPwwbPbwBcmJiw3",
            "undefined": "Cálculo multivariable"
          }
        }
      ],
      "pos": [
        -189.32,
        168.59
      ]
    },
    {
      "id": "44",
      "iri": "http://www.w3.org/2001/XMLSchema#float",
      "baseIri": "http://www.w3.org/2001/XMLSchema",
      "label": {
        "IRI-based": "float"
      },
      "attributes": [
        "datatype"
      ],
      "pos": [
        655.43,
        813.71
      ]
    },
    {
      "id": "36",
      "iri": "http://webprotege.stanford.edu/R84Yt2lOPVHzk1K5jkTpxZ6",
      "baseIri": "http://webprotege.stanford.edu",
      "label": {
        "IRI-based": "R84Yt2lOPVHzk1K5jkTpxZ6",
        "undefined": "Tercer semestre"
      },
      "attributes": [
        "external"
      ],
      "individuals": [
        {
          "iri": "http://webprotege.stanford.edu/R82DbnOyPDVW6y9MEIsZPA1",
          "labels": {
            "IRI-based": "R82DbnOyPDVW6y9MEIsZPA1",
            "undefined": "Paradigmas de programación"
          }
        },
        {
          "iri": "http://webprotege.stanford.edu/Rd1l0R7releD8KWVDmIdDn",
          "labels": {
            "IRI-based": "Rd1l0R7releD8KWVDmIdDn",
            "undefined": "Análisis y diseño de algoritmos"
          }
        },
        {
          "iri": "http://webprotege.stanford.edu/RDTMSwqD5zEdkvaPqwKY6AH",
          "labels": {
            "IRI-based": "RDTMSwqD5zEdkvaPqwKY6AH",
            "undefined": "Bases de datos"
          }
        },
        {
          "iri": "http://webprotege.stanford.edu/R7ajK85NkllobkdVDwA5EVH",
          "labels": {
            "IRI-based": "R7ajK85NkllobkdVDwA5EVH",
            "undefined": "Liderazgo personal"
          }
        },
        {
          "iri": "http://webprotege.stanford.edu/R2BpZJkLGiObwxu6pnTYBN",
          "labels": {
            "IRI-based": "R2BpZJkLGiObwxu6pnTYBN",
            "undefined": "Ecuaciones diferenciales"
          }
        },
        {
          "iri": "http://webprotege.stanford.edu/R7nX0npHfr8k1kcgFPFT0Xa",
          "labels": {
            "IRI-based": "R7nX0npHfr8k1kcgFPFT0Xa",
            "undefined": "Diseño de sistemas digitales"
          }
        }
      ],
      "pos": [
        478.06,
        -192.27
      ]
    },
    {
      "id": "13",
      "iri": "http://www.w3.org/2001/XMLSchema#boolean",
      "baseIri": "http://www.w3.org/2001/XMLSchema",
      "label": {
        "IRI-based": "boolean"
      },
      "attributes": [
        "datatype"
      ],
      "pos": [
        341.39,
        525.66
      ]
    },
    {
      "id": "30",
      "iri": "http://www.w3.org/2001/XMLSchema#integer",
      "baseIri": "http://www.w3.org/2001/XMLSchema",
      "label": {
        "IRI-based": "integer"
      },
      "attributes": [
        "datatype"
      ],
      "pos": [
        431.97,
        766.42
      ]
    },
    {
      "id": "1",
      "iri": "http://webprotege.stanford.edu/Rah70qsSjdsvA0lYcrkDDs",
      "baseIri": "http://webprotege.stanford.edu",
      "label": {
        "IRI-based": "Rah70qsSjdsvA0lYcrkDDs",
        "undefined": "Unidad de aprendizaje"
      },
      "attributes": [
        "external"
      ],
      "pos": [
        607.61,
        498.48
      ]
    },
    {
      "id": "17",
      "iri": "http://www.w3.org/2001/XMLSchema#positiveInteger",
      "baseIri": "http://www.w3.org/2001/XMLSchema",
      "label": {
        "IRI-based": "positiveInteger"
      },
      "attributes": [
        "datatype"
      ],
      "pos": [
        669.09,
        207.05
      ]
    },
    {
      "id": "45",
      "iri": "http://www.w3.org/2001/XMLSchema#boolean",
      "baseIri": "http://www.w3.org/2001/XMLSchema",
      "label": {
        "IRI-based": "boolean"
      },
      "attributes": [
        "datatype"
      ],
      "pos": [
        879.51,
        647.33
      ]
    },
    {
      "id": "14",
      "iri": "http://www.w3.org/2002/07/owl#Thing",
      "baseIri": "http://owl2vowl.de",
      "label": {
        "undefined": "Thing"
      },
      "pos": [
        1561.43,
        42.44
      ]
    },
    {
      "id": "46",
      "iri": "http://www.w3.org/2000/01/rdf-schema#Literal",
      "label": "Literal",
      "attributes": [
        "datatype"
      ],
      "pos": [
        1614.63,
        260.19
      ]
    },
    {
      "id": "5",
      "iri": "http://webprotege.stanford.edu/R7OS93uKwYfYpf3bf7rJgcC",
      "baseIri": "http://webprotege.stanford.edu",
      "label": {
        "IRI-based": "R7OS93uKwYfYpf3bf7rJgcC",
        "undefined": "Método de enseñanza"
      },
      "attributes": [
        "external"
      ],
      "individuals": [
        {
          "iri": "http://webprotege.stanford.edu/RWedKvKY6GstAlcfiVeuAd",
          "labels": {
            "IRI-based": "RWedKvKY6GstAlcfiVeuAd",
            "undefined": "Inductivo"
          }
        },
        {
          "iri": "http://webprotege.stanford.edu/RVzwMZJ9zgtWZ9Do9ZIBHk",
          "labels": {
            "IRI-based": "RVzwMZJ9zgtWZ9Do9ZIBHk",
            "undefined": "Analítico"
          }
        },
        {
          "iri": "http://webprotege.stanford.edu/R8hKKxWn4sYOgJYJGRe0N6i",
          "labels": {
            "IRI-based": "R8hKKxWn4sYOgJYJGRe0N6i",
            "undefined": "Deductivo"
          }
        },
        {
          "iri": "http://webprotege.stanford.edu/RBECkD9M6KpVRVoOIojyzaj",
          "labels": {
            "IRI-based": "RBECkD9M6KpVRVoOIojyzaj",
            "undefined": "Analógico"
          }
        },
        {
          "iri": "http://webprotege.stanford.edu/RpRBuQuK6N8LwUMV7dzsRg",
          "labels": {
            "IRI-based": "RpRBuQuK6N8LwUMV7dzsRg",
            "undefined": "Heurístico"
          }
        }
      ],
      "pos": [
        915.17,
        827.97
      ]
    },
    {
      "id": "9",
      "iri": "http://webprotege.stanford.edu/Rdf9mdJfbzAmVFF02oJeb9",
      "baseIri": "http://webprotege.stanford.edu",
      "label": {
        "IRI-based": "Rdf9mdJfbzAmVFF02oJeb9",
        "undefined": "Semestre"
      },
      "attributes": [
        "external"
      ],
      "pos": [
        230.14,
        150.43
      ]
    },
    {
      "id": "21",
      "iri": "http://www.w3.org/2001/XMLSchema#integer",
      "baseIri": "http://www.w3.org/2001/XMLSchema",
      "label": {
        "IRI-based": "integer"
      },
      "attributes": [
        "datatype"
      ],
      "pos": [
        897.38,
        438.75
      ]
    },
    {
      "id": "11",
      "iri": "http://www.w3.org/2001/XMLSchema#positiveInteger",
      "baseIri": "http://www.w3.org/2001/XMLSchema",
      "label": {
        "IRI-based": "positiveInteger"
      },
      "attributes": [
        "datatype"
      ],
      "pos": [
        345.71,
        662.78
      ]
    },
    {
      "id": "27",
      "iri": "http://webprotege.stanford.edu/RDS70Hsa5xsyzUus0dtuU7C",
      "baseIri": "http://webprotege.stanford.edu",
      "label": {
        "IRI-based": "RDS70Hsa5xsyzUus0dtuU7C",
        "undefined": "Cuarto Semestre"
      },
      "attributes": [
        "external"
      ],
      "individuals": [
        {
          "iri": "http://webprotege.stanford.edu/R41wB9GLZDphHjckVjbkvi",
          "labels": {
            "IRI-based": "R41wB9GLZDphHjckVjbkvi",
            "undefined": "Matemáticas avanzadas para la ingeniería"
          }
        },
        {
          "iri": "http://webprotege.stanford.edu/Rwul7r2lkE7ZerHWj14oiF",
          "labels": {
            "IRI-based": "Rwul7r2lkE7ZerHWj14oiF",
            "undefined": "Análisis y diseño de sistemas"
          }
        },
        {
          "iri": "http://webprotege.stanford.edu/R8wJ5xbdvF2iflrSuXMomfx",
          "labels": {
            "IRI-based": "R8wJ5xbdvF2iflrSuXMomfx",
            "undefined": "Fundamentos de inteligencia artificial"
          }
        },
        {
          "iri": "http://webprotege.stanford.edu/RBT5MyvETw0ixFPT2nhSfDq",
          "labels": {
            "IRI-based": "RBT5MyvETw0ixFPT2nhSfDq",
            "undefined": "Probabilidad y estadística"
          }
        },
        {
          "iri": "http://webprotege.stanford.edu/R9Undj4UrFS2KYR99qUz8zb",
          "labels": {
            "IRI-based": "R9Undj4UrFS2KYR99qUz8zb",
            "undefined": "Procesamiento digital de imágenes"
          }
        },
        {
          "iri": "http://webprotege.stanford.edu/RCTZVXhOrBKwFAAGTAZ3Xn8",
          "labels": {
            "IRI-based": "RCTZVXhOrBKwFAAGTAZ3Xn8",
            "undefined": "Tecnologías para el desarrollo de páginas web"
          }
        }
      ],
      "pos": [
        -152.85,
        -11.8
      ]
    },
    {
      "id": "38",
      "iri": "http://webprotege.stanford.edu/RDpz8xp8RfMoI84JFNnherL",
      "baseIri": "http://webprotege.stanford.edu",
      "label": {
        "IRI-based": "RDpz8xp8RfMoI84JFNnherL",
        "undefined": "Optativas"
      },
      "attributes": [
        "external"
      ],
      "individuals": [
        {
          "iri": "http://webprotege.stanford.edu/Rz7l2aTN9s1nDBo28HkvVJ",
          "labels": {
            "IRI-based": "Rz7l2aTN9s1nDBo28HkvVJ",
            "undefined": "Tópicos selectos de algoritmos bioinspirados"
          }
        },
        {
          "iri": "http://webprotege.stanford.edu/R8E7yZWnovJ0ThDYGXN2D82",
          "labels": {
            "IRI-based": "R8E7yZWnovJ0ThDYGXN2D82",
            "undefined": "Minería de datos"
          }
        },
        {
          "iri": "http://webprotege.stanford.edu/RO1xMTijloksHpUtbkoJns",
          "labels": {
            "IRI-based": "RO1xMTijloksHpUtbkoJns",
            "undefined": "Interacción humano - máquina"
          }
        },
        {
          "iri": "http://webprotege.stanford.edu/RhzC0pCsAqnSaEHyAM5qjU",
          "labels": {
            "IRI-based": "RhzC0pCsAqnSaEHyAM5qjU",
            "undefined": "Sistemas multiagentes"
          }
        },
        {
          "iri": "http://webprotege.stanford.edu/R9mgKsvUIeG8H03BaTYTybg",
          "labels": {
            "IRI-based": "R9mgKsvUIeG8H03BaTYTybg",
            "undefined": "Aplicaciones de inteligencia artificial en sistemas embebidos"
          }
        },
        {
          "iri": "http://webprotege.stanford.edu/R9WFtoOpFi1jqZfrwL4aO2J",
          "labels": {
            "IRI-based": "R9WFtoOpFi1jqZfrwL4aO2J",
            "undefined": "Técnicas de programación para robots móviles"
          }
        },
        {
          "iri": "http://webprotege.stanford.edu/R7jAzWREG2O3Fvyal1NOWx6",
          "labels": {
            "IRI-based": "R7jAzWREG2O3Fvyal1NOWx6",
            "undefined": "Big data"
          }
        },
        {
          "iri": "http://webprotege.stanford.edu/RDzNplKoi7j86zxrXmERobp",
          "labels": {
            "IRI-based": "RDzNplKoi7j86zxrXmERobp",
            "undefined": "Aplicaciones de sistemas multiagentes"
          }
        },
        {
          "iri": "http://webprotege.stanford.edu/R7AkUiq4QRGKXN7cLl3zqav",
          "labels": {
            "IRI-based": "R7AkUiq4QRGKXN7cLl3zqav",
            "undefined": "Aplicaciones de lenguaje natural"
          }
        },
        {
          "iri": "http://webprotege.stanford.edu/R7LtWkrwsDc9KBHNh4p9EhJ",
          "labels": {
            "IRI-based": "R7LtWkrwsDc9KBHNh4p9EhJ",
            "undefined": "Innovación y emprendimiento tecnológico"
          }
        },
        {
          "iri": "http://webprotege.stanford.edu/RCOLlwnVBBioE3kfADVRer9",
          "labels": {
            "IRI-based": "RCOLlwnVBBioE3kfADVRer9",
            "undefined": "Cómputo en la nube"
          }
        },
        {
          "iri": "http://webprotege.stanford.edu/RDILuCXv13JmxSs34e27M4s",
          "labels": {
            "IRI-based": "RDILuCXv13JmxSs34e27M4s",
            "undefined": "Propiedad intelectual"
          }
        },
        {
          "iri": "http://webprotege.stanford.edu/RHterxNl9DK9z7OtfO2BMk",
          "labels": {
            "IRI-based": "RHterxNl9DK9z7OtfO2BMk",
            "undefined": "Programación de dispositivos móviles"
          }
        },
        {
          "iri": "http://webprotege.stanford.edu/RB4QLddpZUGYTSu7nbO67Md",
          "labels": {
            "IRI-based": "RB4QLddpZUGYTSu7nbO67Md",
            "undefined": "Temas selectos de inteligencia artificial"
          }
        }
      ],
      "pos": [
        1059.02,
        525.92
      ]
    },
    {
      "id": "42",
      "iri": "http://webprotege.stanford.edu/RXL9si1UXhaGdfHTXRgfko",
      "baseIri": "http://webprotege.stanford.edu",
      "label": {
        "IRI-based": "RXL9si1UXhaGdfHTXRgfko",
        "undefined": "Octavo semestre"
      },
      "attributes": [
        "external"
      ],
      "individuals": [
        {
          "iri": "http://webprotege.stanford.edu/R7bKYgHfs3XkZNz5Jk7HMW6",
          "labels": {
            "IRI-based": "R7bKYgHfs3XkZNz5Jk7HMW6",
            "undefined": "Gestión empresarial"
          }
        },
        {
          "iri": "http://webprotege.stanford.edu/RCaSEfOpgWVQj8xjumhYjIA",
          "labels": {
            "IRI-based": "RCaSEfOpgWVQj8xjumhYjIA",
            "undefined": "Desarrollo de habilidades sociales para la alta dirección"
          }
        },
        {
          "iri": "http://webprotege.stanford.edu/R9JheeBAGF375lldIKldxiA",
          "labels": {
            "IRI-based": "R9JheeBAGF375lldIKldxiA",
            "undefined": "Trabajo terminal 2"
          }
        },
        {
          "iri": "http://webprotege.stanford.edu/R81xYYiAdxN1rcwyuBrvx6M",
          "labels": {
            "IRI-based": "R81xYYiAdxN1rcwyuBrvx6M",
            "undefined": "Estancia profesional"
          }
        }
      ],
      "pos": [
        -46.64,
        465.8
      ]
    },
    {
      "id": "32",
      "iri": "http://webprotege.stanford.edu/RUa6ejR8Nm8j75Ou0htWgr",
      "baseIri": "http://webprotege.stanford.edu",
      "label": {
        "IRI-based": "RUa6ejR8Nm8j75Ou0htWgr",
        "undefined": "Primer semestre"
      },
      "attributes": [
        "external"
      ],
      "individuals": [
        {
          "iri": "http://webprotege.stanford.edu/RoXSKheCeEEtdYlJufiyZO",
          "labels": {
            "IRI-based": "RoXSKheCeEEtdYlJufiyZO",
            "undefined": "Fundamentos económicos"
          }
        },
        {
          "iri": "http://webprotege.stanford.edu/RBIzqfRCJdB0VPQ8GzXtcG1",
          "labels": {
            "IRI-based": "RBIzqfRCJdB0VPQ8GzXtcG1",
            "undefined": "Cálculo"
          }
        },
        {
          "iri": "http://webprotege.stanford.edu/RCWcor5Ed5QeXR3B1ulwSEr",
          "labels": {
            "IRI-based": "RCWcor5Ed5QeXR3B1ulwSEr",
            "undefined": "Fundamentos de programación"
          }
        },
        {
          "iri": "http://webprotege.stanford.edu/RDum4ICfA6JAR7ZhVuT7QRi",
          "labels": {
            "IRI-based": "RDum4ICfA6JAR7ZhVuT7QRi",
            "undefined": "Comunicación oral y escrita"
          }
        },
        {
          "iri": "http://webprotege.stanford.edu/RlNCmdiMVn1IsIA8yGBVCC",
          "labels": {
            "IRI-based": "RlNCmdiMVn1IsIA8yGBVCC",
            "undefined": "Matemáticas discreta"
          }
        },
        {
          "iri": "http://webprotege.stanford.edu/R5w5eWf1QTBXXAz1DiSsP0",
          "labels": {
            "IRI-based": "R5w5eWf1QTBXXAz1DiSsP0",
            "undefined": "Mecánica y electromagnetismo"
          }
        }
      ],
      "pos": [
        320.02,
        -263.54
      ]
    },
    {
      "id": "2",
      "iri": "http://webprotege.stanford.edu/R7MO372WTwHvOiVBNVdilCv",
      "baseIri": "http://webprotege.stanford.edu",
      "label": {
        "IRI-based": "R7MO372WTwHvOiVBNVdilCv",
        "undefined": "Estrategia de aprendizaje"
      },
      "attributes": [
        "external"
      ],
      "individuals": [
        {
          "iri": "http://webprotege.stanford.edu/RuF5TPkOSvdBreDwdS0WDV",
          "labels": {
            "IRI-based": "RuF5TPkOSvdBreDwdS0WDV",
            "undefined": "Estudio de casos"
          }
        },
        {
          "iri": "http://webprotege.stanford.edu/R7TChklrWiNjVkq1hZPZS2V",
          "labels": {
            "IRI-based": "R7TChklrWiNjVkq1hZPZS2V",
            "undefined": "Aprendizaje colaborativo"
          }
        },
        {
          "iri": "http://webprotege.stanford.edu/RCygPdgqTKu9zwKNi9M3eiv",
          "labels": {
            "IRI-based": "RCygPdgqTKu9zwKNi9M3eiv",
            "undefined": "Aprendizaje autónomo"
          }
        },
        {
          "iri": "http://webprotege.stanford.edu/R8jIDhZ7EfW2aTm1tFPjLOM",
          "labels": {
            "IRI-based": "R8jIDhZ7EfW2aTm1tFPjLOM",
            "undefined": "Aprendizaje basado en proyectos"
          }
        },
        {
          "iri": "http://webprotege.stanford.edu/RCE0U3Q3EZvR5Bg1EcoNNI3",
          "labels": {
            "IRI-based": "RCE0U3Q3EZvR5Bg1EcoNNI3",
            "undefined": "Aprendizaje basado en problemas"
          }
        }
      ],
      "pos": [
        712.28,
        942.05
      ]
    }
  ],
  "property": [
    {
      "id": "0",
      "type": "owl:ObjectProperty"
    },
    {
      "id": "4",
      "type": "owl:ObjectProperty"
    },
    {
      "id": "6",
      "type": "owl:ObjectProperty"
    },
    {
      "id": "10",
      "type": "owl:DatatypeProperty"
    },
    {
      "id": "12",
      "type": "owl:DatatypeProperty"
    },
    {
      "id": "3",
      "type": "owl:ObjectProperty"
    },
    {
      "id": "16",
      "type": "owl:DatatypeProperty"
    },
    {
      "id": "20",
      "type": "owl:DatatypeProperty"
    },
    {
      "id": "23",
      "type": "owl:ObjectProperty"
    },
    {
      "id": "24",
      "type": "owl:ObjectProperty"
    },
    {
      "id": "26",
      "type": "rdfs:subClassOf"
    },
    {
      "id": "28",
      "type": "rdfs:subClassOf"
    },
    {
      "id": "29",
      "type": "owl:DatatypeProperty"
    },
    {
      "id": "31",
      "type": "rdfs:subClassOf"
    },
    {
      "id": "33",
      "type": "rdfs:subClassOf"
    },
    {
      "id": "34",
      "type": "rdfs:subClassOf"
    },
    {
      "id": "35",
      "type": "rdfs:subClassOf"
    },
    {
      "id": "37",
      "type": "rdfs:subClassOf"
    },
    {
      "id": "39",
      "type": "rdfs:subClassOf"
    },
    {
      "id": "41",
      "type": "rdfs:subClassOf"
    },
    {
      "id": "43",
      "type": "owl:DatatypeProperty"
    },
    {
      "id": "15",
      "type": "owl:ObjectProperty"
    },
    {
      "id": "47",
      "type": "rdfs:subClassOf"
    },
    {
      "id": "48",
      "type": "owl:DatatypeProperty"
    },
    {
      "id": "49",
      "type": "owl:DatatypeProperty"
    }
  ],
  "propertyAttribute": [
    {
      "id": "0",
      "iri": "http://webprotege.stanford.edu/R9Vhr8xPsDk9eUhugpWN0qg",
      "baseIri": "http://webprotege.stanford.edu",
      "label": {
        "IRI-based": "R9Vhr8xPsDk9eUhugpWN0qg",
        "undefined": "UsaEstrategia"
      },
      "attributes": [
        "object",
        "external"
      ],
      "domain": "1",
      "range": "2",
      "superproperty": [
        "3"
      ],
      "pos": [
        657.72,
        710.86
      ]
    },
    {
      "id": "4",
      "iri": "http://webprotege.stanford.edu/RCyvnX7XGrbsEcVeqgTm5Lz",
      "baseIri": "http://webprotege.stanford.edu",
      "label": {
        "IRI-based": "RCyvnX7XGrbsEcVeqgTm5Lz",
        "undefined": "UsaMétodo"
      },
      "attributes": [
        "object",
        "external"
      ],
      "domain": "1",
      "range": "5",
      "superproperty": [
        "3"
      ],
      "pos": [
        754.79,
        656.16
      ]
    },
    {
      "id": "6",
      "iri": "http://webprotege.stanford.edu/R8ZA0FUJGXWHUCEHDTykx1C",
      "baseIri": "http://webprotege.stanford.edu",
      "label": {
        "IRI-based": "R8ZA0FUJGXWHUCEHDTykx1C",
        "undefined": "UsaEvaluación"
      },
      "attributes": [
        "object",
        "external"
      ],
      "domain": "1",
      "range": "7",
      "superproperty": [
        "3"
      ],
      "pos": [
        719.31,
        319.95
      ]
    },
    {
      "id": "10",
      "iri": "http://webprotege.stanford.edu/R8wfTWJOtP7JUG2FTmA9USY",
      "baseIri": "http://webprotege.stanford.edu",
      "label": {
        "IRI-based": "R8wfTWJOtP7JUG2FTmA9USY",
        "undefined": "Semestre"
      },
      "attributes": [
        "datatype",
        "external"
      ],
      "maxCardinality": "12",
      "domain": "1",
      "range": "11",
      "pos": [
        463.45,
        588.92
      ]
    },
    {
      "id": "12",
      "iri": "http://webprotege.stanford.edu/R8Vci13Smim1wnvoPeWX5ie",
      "baseIri": "http://webprotege.stanford.edu",
      "label": {
        "IRI-based": "R8Vci13Smim1wnvoPeWX5ie",
        "undefined": "EsTeórica"
      },
      "attributes": [
        "datatype",
        "external"
      ],
      "domain": "1",
      "range": "13",
      "pos": [
        465.38,
        513
      ]
    },
    {
      "id": "3",
      "iri": "http://www.w3.org/2002/07/owl#topObjectProperty",
      "baseIri": "http://www.w3.org/2002/07/owl",
      "label": {
        "IRI-based": "topObjectProperty"
      },
      "attributes": [
        "object",
        "external"
      ],
      "domain": "14",
      "range": "14",
      "subproperty": [
        "0",
        "4",
        "15",
        "6"
      ],
      "pos": [
        1506.34,
        -103.12
      ]
    },
    {
      "id": "16",
      "iri": "http://webprotege.stanford.edu/RCNzBeMcov0SyZJv1kRzfWf",
      "baseIri": "http://webprotege.stanford.edu",
      "label": {
        "IRI-based": "RCNzBeMcov0SyZJv1kRzfWf",
        "undefined": "HorasTotales"
      },
      "attributes": [
        "datatype",
        "external"
      ],
      "domain": "1",
      "range": "17",
      "pos": [
        642.45,
        333.31
      ]
    },
    {
      "id": "20",
      "iri": "http://webprotege.stanford.edu/R7Mu9Se82VTK1roN32C46xP",
      "baseIri": "http://webprotege.stanford.edu",
      "label": {
        "IRI-based": "R7Mu9Se82VTK1roN32C46xP",
        "undefined": "HorasTeóricas"
      },
      "attributes": [
        "datatype",
        "external"
      ],
      "minCardinality": "8",
      "domain": "1",
      "range": "21",
      "pos": [
        762.73,
        466.5
      ]
    },
    {
      "id": "23",
      "iri": "http://webprotege.stanford.edu/R81gKGfUw4PE9RPys3n2kZ8",
      "baseIri": "http://webprotege.stanford.edu",
      "label": {
        "IRI-based": "R81gKGfUw4PE9RPys3n2kZ8",
        "undefined": "SeImparteEnEl"
      },
      "attributes": [
        "object",
        "external"
      ],
      "domain": "1",
      "range": "9",
      "pos": [
        433.51,
        301.28
      ]
    },
    {
      "id": "24",
      "iri": "http://webprotege.stanford.edu/R8yQlWtFfC3ihwomha4uSNR",
      "baseIri": "http://webprotege.stanford.edu",
      "label": {
        "IRI-based": "R8yQlWtFfC3ihwomha4uSNR",
        "undefined": "SeEnseñaEn"
      },
      "attributes": [
        "object",
        "external"
      ],
      "domain": "1",
      "range": "25",
      "pos": [
        530.27,
        702.78
      ]
    },
    {
      "id": "26",
      "label": "Subclass of",
      "attributes": [
        "object",
        "anonymous"
      ],
      "domain": "27",
      "range": "9",
      "pos": [
        48.11,
        73.33
      ]
    },
    {
      "id": "28",
      "label": "Subclass of",
      "attributes": [
        "object",
        "anonymous"
      ],
      "domain": "22",
      "range": "9",
      "pos": [
        102.62,
        -0.25
      ]
    },
    {
      "id": "29",
      "iri": "http://webprotege.stanford.edu/RBqFMTzb6jjWNkPBOSk85Ct",
      "baseIri": "http://webprotege.stanford.edu",
      "label": {
        "IRI-based": "RBqFMTzb6jjWNkPBOSk85Ct",
        "undefined": "HorasPráticas"
      },
      "attributes": [
        "datatype",
        "external"
      ],
      "domain": "1",
      "range": "30",
      "pos": [
        509.36,
        648.36
      ]
    },
    {
      "id": "31",
      "label": "Subclass of",
      "attributes": [
        "object",
        "anonymous"
      ],
      "domain": "32",
      "range": "9",
      "pos": [
        272.9,
        -46.5
      ]
    },
    {
      "id": "33",
      "label": "Subclass of",
      "attributes": [
        "object",
        "anonymous"
      ],
      "domain": "18",
      "range": "9",
      "pos": [
        49.32,
        239.6
      ]
    },
    {
      "id": "34",
      "label": "Subclass of",
      "attributes": [
        "object",
        "anonymous"
      ],
      "domain": "8",
      "range": "9",
      "pos": [
        186.86,
        -44.79
      ]
    },
    {
      "id": "35",
      "label": "Subclass of",
      "attributes": [
        "object",
        "anonymous"
      ],
      "domain": "36",
      "range": "9",
      "pos": [
        348.07,
        -12.59
      ]
    },
    {
      "id": "37",
      "label": "Subclass of",
      "attributes": [
        "object",
        "anonymous"
      ],
      "domain": "38",
      "range": "1",
      "pos": [
        820.01,
        511.39
      ]
    },
    {
      "id": "39",
      "label": "Subclass of",
      "attributes": [
        "object",
        "anonymous"
      ],
      "domain": "40",
      "range": "9",
      "pos": [
        30.68,
        159.07
      ]
    },
    {
      "id": "41",
      "label": "Subclass of",
      "attributes": [
        "object",
        "anonymous"
      ],
      "domain": "42",
      "range": "9",
      "pos": [
        97.64,
        301.4
      ]
    },
    {
      "id": "43",
      "iri": "http://webprotege.stanford.edu/R9PqT8W9WxYCEuhI15sZ0pi",
      "baseIri": "http://webprotege.stanford.edu",
      "label": {
        "IRI-based": "R9PqT8W9WxYCEuhI15sZ0pi",
        "undefined": "Créditos"
      },
      "attributes": [
        "datatype",
        "external"
      ],
      "domain": "1",
      "range": "44",
      "pos": [
        634.51,
        675.81
      ]
    },
    {
      "id": "15",
      "iri": "http://webprotege.stanford.edu/RIkzOh5PwDs2ouqtMX4bC2",
      "baseIri": "http://webprotege.stanford.edu",
      "label": {
        "IRI-based": "RIkzOh5PwDs2ouqtMX4bC2",
        "undefined": "UsaModalidad"
      },
      "attributes": [
        "object",
        "external"
      ],
      "domain": "1",
      "range": "19",
      "superproperty": [
        "3"
      ],
      "pos": [
        786.27,
        386.59
      ]
    },
    {
      "id": "47",
      "label": "Subclass of",
      "attributes": [
        "object",
        "anonymous"
      ],
      "domain": "9",
      "range": "1",
      "pos": [
        401.99,
        334.05
      ]
    },
    {
      "id": "48",
      "iri": "http://webprotege.stanford.edu/RB9ZjGSzBnGirhJAMURY80X",
      "baseIri": "http://webprotege.stanford.edu",
      "label": {
        "IRI-based": "RB9ZjGSzBnGirhJAMURY80X",
        "undefined": "EsPráctica"
      },
      "attributes": [
        "datatype",
        "external"
      ],
      "domain": "1",
      "range": "45",
      "pos": [
        756.36,
        579.91
      ]
    },
    {
      "id": "49",
      "iri": "http://www.w3.org/2002/07/owl#topDataProperty",
      "baseIri": "http://www.w3.org/2002/07/owl",
      "label": {
        "IRI-based": "topDataProperty"
      },
      "attributes": [
        "datatype",
        "external"
      ],
      "domain": "14",
      "range": "46",
      "pos": [
        1590.37,
        160.89
      ]
    }
  ]
}